{
  "name": "skriptlang",
  "rules": {
    "source_file": {
      "type": "REPEAT",
      "content": {
        "type": "CHOICE",
        "members": [
          {
            "type": "SYMBOL",
            "name": "section"
          },
          {
            "type": "SYMBOL",
            "name": "event_handler"
          },
          {
            "type": "SYMBOL",
            "name": "command_handler"
          },
          {
            "type": "SYMBOL",
            "name": "function_declaration"
          },
          {
            "type": "SYMBOL",
            "name": "comment"
          }
        ]
      }
    },
    "comment": {
      "type": "SEQ",
      "members": [
        {
          "type": "STRING",
          "value": "#"
        },
        {
          "type": "PATTERN",
          "value": ".*"
        }
      ]
    },
    "section": {
      "type": "SEQ",
      "members": [
        {
          "type": "STRING",
          "value": "options:"
        },
        {
          "type": "REPEAT",
          "content": {
            "type": "SYMBOL",
            "name": "section_content"
          }
        }
      ]
    },
    "section_content": {
      "type": "SEQ",
      "members": [
        {
          "type": "SYMBOL",
          "name": "identifier"
        },
        {
          "type": "STRING",
          "value": ":"
        },
        {
          "type": "SYMBOL",
          "name": "value"
        }
      ]
    },
    "event_handler": {
      "type": "PREC_LEFT",
      "value": 0,
      "content": {
        "type": "SEQ",
        "members": [
          {
            "type": "STRING",
            "value": "on"
          },
          {
            "type": "SYMBOL",
            "name": "event_name"
          },
          {
            "type": "STRING",
            "value": ":"
          },
          {
            "type": "REPEAT",
            "content": {
              "type": "SYMBOL",
              "name": "statement"
            }
          }
        ]
      }
    },
    "event_name": {
      "type": "PATTERN",
      "value": "[^:]+"
    },
    "command_handler": {
      "type": "PREC_LEFT",
      "value": 0,
      "content": {
        "type": "SEQ",
        "members": [
          {
            "type": "STRING",
            "value": "command"
          },
          {
            "type": "PATTERN",
            "value": "\\/\\w+"
          },
          {
            "type": "CHOICE",
            "members": [
              {
                "type": "SYMBOL",
                "name": "command_arguments"
              },
              {
                "type": "BLANK"
              }
            ]
          },
          {
            "type": "STRING",
            "value": ":"
          },
          {
            "type": "CHOICE",
            "members": [
              {
                "type": "SYMBOL",
                "name": "permission_line"
              },
              {
                "type": "BLANK"
              }
            ]
          },
          {
            "type": "STRING",
            "value": "trigger:"
          },
          {
            "type": "REPEAT",
            "content": {
              "type": "SYMBOL",
              "name": "statement"
            }
          }
        ]
      }
    },
    "command_arguments": {
      "type": "SEQ",
      "members": [
        {
          "type": "CHOICE",
          "members": [
            {
              "type": "STRING",
              "value": "<"
            },
            {
              "type": "STRING",
              "value": "["
            }
          ]
        },
        {
          "type": "SYMBOL",
          "name": "identifier"
        },
        {
          "type": "CHOICE",
          "members": [
            {
              "type": "SEQ",
              "members": [
                {
                  "type": "STRING",
                  "value": ":"
                },
                {
                  "type": "SYMBOL",
                  "name": "type"
                }
              ]
            },
            {
              "type": "BLANK"
            }
          ]
        },
        {
          "type": "CHOICE",
          "members": [
            {
              "type": "STRING",
              "value": ">"
            },
            {
              "type": "STRING",
              "value": "]"
            }
          ]
        }
      ]
    },
    "permission_line": {
      "type": "SEQ",
      "members": [
        {
          "type": "STRING",
          "value": "permission:"
        },
        {
          "type": "SYMBOL",
          "name": "string_value"
        }
      ]
    },
    "function_declaration": {
      "type": "PREC_LEFT",
      "value": 0,
      "content": {
        "type": "SEQ",
        "members": [
          {
            "type": "STRING",
            "value": "function"
          },
          {
            "type": "SYMBOL",
            "name": "identifier"
          },
          {
            "type": "STRING",
            "value": "("
          },
          {
            "type": "CHOICE",
            "members": [
              {
                "type": "SYMBOL",
                "name": "parameters"
              },
              {
                "type": "BLANK"
              }
            ]
          },
          {
            "type": "STRING",
            "value": ")"
          },
          {
            "type": "STRING",
            "value": ":"
          },
          {
            "type": "REPEAT",
            "content": {
              "type": "SYMBOL",
              "name": "statement"
            }
          }
        ]
      }
    },
    "parameters": {
      "type": "SEQ",
      "members": [
        {
          "type": "SYMBOL",
          "name": "identifier"
        },
        {
          "type": "REPEAT",
          "content": {
            "type": "SEQ",
            "members": [
              {
                "type": "STRING",
                "value": ","
              },
              {
                "type": "SYMBOL",
                "name": "identifier"
              }
            ]
          }
        }
      ]
    },
    "statement": {
      "type": "CHOICE",
      "members": [
        {
          "type": "SYMBOL",
          "name": "if_statement"
        },
        {
          "type": "SYMBOL",
          "name": "set_statement"
        },
        {
          "type": "SYMBOL",
          "name": "send_statement"
        },
        {
          "type": "SYMBOL",
          "name": "broadcast_statement"
        },
        {
          "type": "SYMBOL",
          "name": "loop_statement"
        },
        {
          "type": "SYMBOL",
          "name": "add_statement"
        },
        {
          "type": "SYMBOL",
          "name": "remove_statement"
        },
        {
          "type": "SYMBOL",
          "name": "wait_statement"
        },
        {
          "type": "SYMBOL",
          "name": "command_statement"
        },
        {
          "type": "SYMBOL",
          "name": "give_statement"
        },
        {
          "type": "SYMBOL",
          "name": "try_catch_statement"
        },
        {
          "type": "SYMBOL",
          "name": "increment_statement"
        },
        {
          "type": "SYMBOL",
          "name": "decrement_statement"
        }
      ]
    },
    "if_statement": {
      "type": "PREC_LEFT",
      "value": 0,
      "content": {
        "type": "SEQ",
        "members": [
          {
            "type": "STRING",
            "value": "if"
          },
          {
            "type": "SYMBOL",
            "name": "condition"
          },
          {
            "type": "STRING",
            "value": ":"
          },
          {
            "type": "REPEAT",
            "content": {
              "type": "SYMBOL",
              "name": "statement"
            }
          },
          {
            "type": "CHOICE",
            "members": [
              {
                "type": "SEQ",
                "members": [
                  {
                    "type": "STRING",
                    "value": "else:"
                  },
                  {
                    "type": "REPEAT",
                    "content": {
                      "type": "SYMBOL",
                      "name": "statement"
                    }
                  }
                ]
              },
              {
                "type": "BLANK"
              }
            ]
          }
        ]
      }
    },
    "set_statement": {
      "type": "SEQ",
      "members": [
        {
          "type": "STRING",
          "value": "set"
        },
        {
          "type": "SYMBOL",
          "name": "variable"
        },
        {
          "type": "STRING",
          "value": "to"
        },
        {
          "type": "SYMBOL",
          "name": "value"
        }
      ]
    },
    "send_statement": {
      "type": "SEQ",
      "members": [
        {
          "type": "STRING",
          "value": "send"
        },
        {
          "type": "SYMBOL",
          "name": "value"
        },
        {
          "type": "CHOICE",
          "members": [
            {
              "type": "SEQ",
              "members": [
                {
                  "type": "STRING",
                  "value": "to"
                },
                {
                  "type": "SYMBOL",
                  "name": "value"
                }
              ]
            },
            {
              "type": "BLANK"
            }
          ]
        }
      ]
    },
    "broadcast_statement": {
      "type": "SEQ",
      "members": [
        {
          "type": "STRING",
          "value": "broadcast"
        },
        {
          "type": "SYMBOL",
          "name": "value"
        }
      ]
    },
    "loop_statement": {
      "type": "PREC_LEFT",
      "value": 0,
      "content": {
        "type": "SEQ",
        "members": [
          {
            "type": "CHOICE",
            "members": [
              {
                "type": "SEQ",
                "members": [
                  {
                    "type": "STRING",
                    "value": "loop"
                  },
                  {
                    "type": "SYMBOL",
                    "name": "value"
                  }
                ]
              },
              {
                "type": "SEQ",
                "members": [
                  {
                    "type": "STRING",
                    "value": "loop"
                  },
                  {
                    "type": "SYMBOL",
                    "name": "value"
                  },
                  {
                    "type": "STRING",
                    "value": "times"
                  }
                ]
              }
            ]
          },
          {
            "type": "STRING",
            "value": ":"
          },
          {
            "type": "REPEAT",
            "content": {
              "type": "SYMBOL",
              "name": "statement"
            }
          }
        ]
      }
    },
    "add_statement": {
      "type": "SEQ",
      "members": [
        {
          "type": "STRING",
          "value": "add"
        },
        {
          "type": "SYMBOL",
          "name": "value"
        },
        {
          "type": "STRING",
          "value": "to"
        },
        {
          "type": "SYMBOL",
          "name": "variable"
        }
      ]
    },
    "remove_statement": {
      "type": "SEQ",
      "members": [
        {
          "type": "STRING",
          "value": "remove"
        },
        {
          "type": "SYMBOL",
          "name": "value"
        },
        {
          "type": "CHOICE",
          "members": [
            {
              "type": "STRING",
              "value": "from"
            },
            {
              "type": "BLANK"
            }
          ]
        },
        {
          "type": "SYMBOL",
          "name": "variable"
        }
      ]
    },
    "wait_statement": {
      "type": "SEQ",
      "members": [
        {
          "type": "STRING",
          "value": "wait"
        },
        {
          "type": "SYMBOL",
          "name": "value"
        }
      ]
    },
    "command_statement": {
      "type": "SEQ",
      "members": [
        {
          "type": "STRING",
          "value": "command"
        },
        {
          "type": "SYMBOL",
          "name": "string_value"
        }
      ]
    },
    "give_statement": {
      "type": "SEQ",
      "members": [
        {
          "type": "STRING",
          "value": "give"
        },
        {
          "type": "SYMBOL",
          "name": "value"
        },
        {
          "type": "STRING",
          "value": "to"
        },
        {
          "type": "SYMBOL",
          "name": "value"
        }
      ]
    },
    "try_catch_statement": {
      "type": "PREC_LEFT",
      "value": 0,
      "content": {
        "type": "SEQ",
        "members": [
          {
            "type": "STRING",
            "value": "try:"
          },
          {
            "type": "REPEAT",
            "content": {
              "type": "SYMBOL",
              "name": "statement"
            }
          },
          {
            "type": "STRING",
            "value": "catch:"
          },
          {
            "type": "REPEAT",
            "content": {
              "type": "SYMBOL",
              "name": "statement"
            }
          }
        ]
      }
    },
    "increment_statement": {
      "type": "SEQ",
      "members": [
        {
          "type": "STRING",
          "value": "increment"
        },
        {
          "type": "SYMBOL",
          "name": "variable"
        },
        {
          "type": "STRING",
          "value": "by"
        },
        {
          "type": "SYMBOL",
          "name": "value"
        }
      ]
    },
    "decrement_statement": {
      "type": "SEQ",
      "members": [
        {
          "type": "STRING",
          "value": "decrement"
        },
        {
          "type": "SYMBOL",
          "name": "variable"
        },
        {
          "type": "STRING",
          "value": "by"
        },
        {
          "type": "SYMBOL",
          "name": "value"
        }
      ]
    },
    "variable": {
      "type": "CHOICE",
      "members": [
        {
          "type": "SEQ",
          "members": [
            {
              "type": "STRING",
              "value": "{"
            },
            {
              "type": "SYMBOL",
              "name": "variable_name"
            },
            {
              "type": "STRING",
              "value": "}"
            }
          ]
        },
        {
          "type": "SEQ",
          "members": [
            {
              "type": "STRING",
              "value": "{"
            },
            {
              "type": "SYMBOL",
              "name": "variable_name"
            },
            {
              "type": "STRING",
              "value": "::"
            },
            {
              "type": "SYMBOL",
              "name": "value"
            },
            {
              "type": "STRING",
              "value": "}"
            }
          ]
        },
        {
          "type": "SEQ",
          "members": [
            {
              "type": "STRING",
              "value": "_"
            },
            {
              "type": "SYMBOL",
              "name": "identifier"
            }
          ]
        }
      ]
    },
    "variable_name": {
      "type": "PATTERN",
      "value": "[a-zA-Z0-9_:]+"
    },
    "condition": {
      "type": "PREC_LEFT",
      "value": 0,
      "content": {
        "type": "CHOICE",
        "members": [
          {
            "type": "SEQ",
            "members": [
              {
                "type": "SYMBOL",
                "name": "value"
              },
              {
                "type": "SYMBOL",
                "name": "comparison_operator"
              },
              {
                "type": "SYMBOL",
                "name": "value"
              }
            ]
          },
          {
            "type": "SEQ",
            "members": [
              {
                "type": "SYMBOL",
                "name": "value"
              },
              {
                "type": "STRING",
                "value": "is"
              },
              {
                "type": "CHOICE",
                "members": [
                  {
                    "type": "STRING",
                    "value": "not"
                  },
                  {
                    "type": "BLANK"
                  }
                ]
              },
              {
                "type": "SYMBOL",
                "name": "value"
              }
            ]
          },
          {
            "type": "SEQ",
            "members": [
              {
                "type": "SYMBOL",
                "name": "value"
              },
              {
                "type": "STRING",
                "value": "has"
              },
              {
                "type": "CHOICE",
                "members": [
                  {
                    "type": "STRING",
                    "value": "not"
                  },
                  {
                    "type": "BLANK"
                  }
                ]
              },
              {
                "type": "SYMBOL",
                "name": "value"
              }
            ]
          },
          {
            "type": "SEQ",
            "members": [
              {
                "type": "SYMBOL",
                "name": "value"
              },
              {
                "type": "STRING",
                "value": "contains"
              },
              {
                "type": "SYMBOL",
                "name": "value"
              }
            ]
          },
          {
            "type": "SEQ",
            "members": [
              {
                "type": "STRING",
                "value": "("
              },
              {
                "type": "SYMBOL",
                "name": "condition"
              },
              {
                "type": "STRING",
                "value": ")"
              }
            ]
          },
          {
            "type": "SEQ",
            "members": [
              {
                "type": "SYMBOL",
                "name": "condition"
              },
              {
                "type": "STRING",
                "value": "and"
              },
              {
                "type": "SYMBOL",
                "name": "condition"
              }
            ]
          },
          {
            "type": "SEQ",
            "members": [
              {
                "type": "SYMBOL",
                "name": "condition"
              },
              {
                "type": "STRING",
                "value": "or"
              },
              {
                "type": "SYMBOL",
                "name": "condition"
              }
            ]
          },
          {
            "type": "SEQ",
            "members": [
              {
                "type": "STRING",
                "value": "not"
              },
              {
                "type": "SYMBOL",
                "name": "condition"
              }
            ]
          }
        ]
      }
    },
    "comparison_operator": {
      "type": "CHOICE",
      "members": [
        {
          "type": "STRING",
          "value": "="
        },
        {
          "type": "STRING",
          "value": ">"
        },
        {
          "type": "STRING",
          "value": "<"
        },
        {
          "type": "STRING",
          "value": ">="
        },
        {
          "type": "STRING",
          "value": "<="
        },
        {
          "type": "STRING",
          "value": "!="
        }
      ]
    },
    "value": {
      "type": "CHOICE",
      "members": [
        {
          "type": "SYMBOL",
          "name": "string_value"
        },
        {
          "type": "SYMBOL",
          "name": "number"
        },
        {
          "type": "SYMBOL",
          "name": "variable"
        },
        {
          "type": "SYMBOL",
          "name": "boolean"
        },
        {
          "type": "SYMBOL",
          "name": "expression"
        },
        {
          "type": "SYMBOL",
          "name": "event_value"
        },
        {
          "type": "SYMBOL",
          "name": "function_call"
        },
        {
          "type": "SYMBOL",
          "name": "list"
        }
      ]
    },
    "string_value": {
      "type": "CHOICE",
      "members": [
        {
          "type": "SEQ",
          "members": [
            {
              "type": "STRING",
              "value": "\""
            },
            {
              "type": "PATTERN",
              "value": "[^\"]*"
            },
            {
              "type": "STRING",
              "value": "\""
            }
          ]
        },
        {
          "type": "PATTERN",
          "value": "[a-zA-Z0-9_\\-\\s]+"
        }
      ]
    },
    "number": {
      "type": "PATTERN",
      "value": "\\d+(\\.\\d+)?"
    },
    "boolean": {
      "type": "CHOICE",
      "members": [
        {
          "type": "STRING",
          "value": "true"
        },
        {
          "type": "STRING",
          "value": "false"
        }
      ]
    },
    "expression": {
      "type": "SEQ",
      "members": [
        {
          "type": "STRING",
          "value": "%"
        },
        {
          "type": "CHOICE",
          "members": [
            {
              "type": "SYMBOL",
              "name": "variable"
            },
            {
              "type": "SYMBOL",
              "name": "function_call"
            },
            {
              "type": "SYMBOL",
              "name": "math_expression"
            }
          ]
        },
        {
          "type": "STRING",
          "value": "%"
        }
      ]
    },
    "math_expression": {
      "type": "PATTERN",
      "value": "[^%]+"
    },
    "event_value": {
      "type": "CHOICE",
      "members": [
        {
          "type": "STRING",
          "value": "event-block"
        },
        {
          "type": "STRING",
          "value": "event-entity"
        },
        {
          "type": "STRING",
          "value": "player"
        },
        {
          "type": "STRING",
          "value": "loop-player"
        },
        {
          "type": "STRING",
          "value": "loop-value"
        },
        {
          "type": "STRING",
          "value": "loop-index"
        },
        {
          "type": "STRING",
          "value": "loop-value-2"
        },
        {
          "type": "STRING",
          "value": "loop-block"
        }
      ]
    },
    "function_call": {
      "type": "SEQ",
      "members": [
        {
          "type": "SYMBOL",
          "name": "identifier"
        },
        {
          "type": "STRING",
          "value": "("
        },
        {
          "type": "CHOICE",
          "members": [
            {
              "type": "SYMBOL",
              "name": "arguments"
            },
            {
              "type": "BLANK"
            }
          ]
        },
        {
          "type": "STRING",
          "value": ")"
        }
      ]
    },
    "arguments": {
      "type": "SEQ",
      "members": [
        {
          "type": "SYMBOL",
          "name": "value"
        },
        {
          "type": "REPEAT",
          "content": {
            "type": "SEQ",
            "members": [
              {
                "type": "STRING",
                "value": ","
              },
              {
                "type": "SYMBOL",
                "name": "value"
              }
            ]
          }
        }
      ]
    },
    "list": {
      "type": "PREC_RIGHT",
      "value": 0,
      "content": {
        "type": "SEQ",
        "members": [
          {
            "type": "SYMBOL",
            "name": "value"
          },
          {
            "type": "STRING",
            "value": "or"
          },
          {
            "type": "SYMBOL",
            "name": "value"
          },
          {
            "type": "REPEAT",
            "content": {
              "type": "SEQ",
              "members": [
                {
                  "type": "STRING",
                  "value": "or"
                },
                {
                  "type": "SYMBOL",
                  "name": "value"
                }
              ]
            }
          }
        ]
      }
    },
    "type": {
      "type": "CHOICE",
      "members": [
        {
          "type": "STRING",
          "value": "text"
        },
        {
          "type": "STRING",
          "value": "number"
        },
        {
          "type": "STRING",
          "value": "player"
        },
        {
          "type": "STRING",
          "value": "item"
        },
        {
          "type": "STRING",
          "value": "block"
        },
        {
          "type": "STRING",
          "value": "entity"
        },
        {
          "type": "STRING",
          "value": "location"
        },
        {
          "type": "STRING",
          "value": "world"
        },
        {
          "type": "STRING",
          "value": "timespan"
        }
      ]
    },
    "identifier": {
      "type": "PATTERN",
      "value": "[a-zA-Z][a-zA-Z0-9_\\-]*"
    }
  },
  "extras": [
    {
      "type": "PATTERN",
      "value": "\\s"
    },
    {
      "type": "SYMBOL",
      "name": "comment"
    }
  ],
  "conflicts": [
    [
      "event_handler",
      "command_handler"
    ],
    [
      "event_handler",
      "function_declaration"
    ],
    [
      "statement",
      "if_statement"
    ],
    [
      "statement",
      "loop_statement"
    ],
    [
      "statement",
      "try_catch_statement"
    ],
    [
      "list"
    ]
  ],
  "precedences": [],
  "externals": [],
  "inline": [],
  "supertypes": []
}

